<?xml version="1.0" encoding="UTF-8"?>
<doctrine-mapping xmlns="http://doctrine-project.org/schemas/orm/doctrine-mapping"
                  xmlns:xsi="http://www.w3.org/2001/XMLSchema-instance"
                  xsi:schemaLocation="http://doctrine-project.org/schemas/orm/doctrine-mapping
                  http://doctrine-project.org/schemas/orm/doctrine-mapping.xsd">

    <entity name="Application\Sonata\UserBundle\Entity\User" table="fos_user_user">

        <id name="id" column="id" type="integer">
            <generator strategy="AUTO" />
        </id>
        
        <many-to-one field="seccional" target-entity="AppBundle\Entity\Seccionales">
            <join-column name="seccional_id" referenced-column-name="id" />
        </many-to-one>

    </entity>

</doctrine-mapping>
